{"accuracy/top1": 81.94400024414062, "accuracy/top5": 95.97600555419922}
