{"accuracy/top1": 82.5060043334961, "accuracy/top5": 95.99600219726562}
