{"accuracy/top1": 80.45600128173828, "accuracy/top5": 95.10800170898438}
