{"accuracy/top1": 74.31000518798828, "accuracy/top5": 92.32200622558594}
