{"accuracy/top1": 78.44200134277344, "accuracy/top5": 94.35800170898438}
